<?xml version="1.0"?>
<config xmlns:xsi="http://www.w3.org/2001/XMLSchema-instance" xsi:noNamespaceSchemaLocation="urn:magento:framework:Acl/etc/acl.xsd">
    <acl>
        <resources>
            <resource id="Magento_Backend::admin">
                <resource id="Po_Manage::module" title="Simple CRUD">
                    <resource id="Po_Manage::review" title="Review">
                        <resource id="Po_Manage::save" title="Save"/>
                        <resource id="Po_Manage::delete" title="Delete"/>
                    </resource>
                </resource>
            </resource>
        </resources>
    </acl>
</config>
