<?xml version="1.0"?>
<config xmlns:xsi="http://www.w3.org/2001/XMLSchema-instance" xsi:noNamespaceSchemaLocation="urn:magento:framework:ObjectManager/etc/config.xsd">
    <preference for="Po\Manage\Api\Data\DealerInterface" type="Po\Manage\Model\Dealer" />
    <preference for="Po\Manage\Api\DealerRepositoryInterface" type="Po\Manage\Model\Repository\DealerRepository" />
    <preference for="Po\Manage\Api\Data\DealerSearchResultsInterface" type="Magento\Framework\Api\SearchResults" />

    <virtualType name="DealerGirdFilterPool" type="Magento\Framework\View\Element\UiComponent\DataProvider\FilterPool">
        <arguments>
            <argument name="appliers" xsi:type="array">
                <item name="regular" xsi:type="object">Magento\Framework\View\Element\UiComponent\DataProvider\RegularFilter</item>
                <item name="fulltext" xsi:type="object">Magento\Framework\View\Element\UiComponent\DataProvider\FulltextFilter</item>
            </argument>
        </arguments>
    </virtualType>

    <virtualType name="DealerGridDataProvider" type="Magento\Framework\View\Element\UiComponent\DataProvider\DataProvider">
        <arguments>
            <argument name="collection" xsi:type="object" shared="false">Po\Manage\Model\Resource\Dealer\Collection</argument>
            <argument name="filterPool" xsi:type="object" shared="false">DealerGirdFilterPool</argument>
        </arguments>
    </virtualType>

    <virtualType name="Po\Manage\Model\ResourceModel\Dealer\Collection" type="Magento\Framework\View\Element\UiComponent\DataProvider\SearchResult">
        <arguments>
            <argument name="mainTable" xsi:type="string">po_table</argument>
            <argument name="resourceModel" xsi:type="string">Po\Manage\Model\ResourceModel\Dealer</argument>
        </arguments>
    </virtualType>

    <type name="Magento\Framework\View\Element\UiComponent\DataProvider\CollectionFactory">
        <arguments>
            <argument name="collections" xsi:type="array">
                <item name="dealer_index_listing_data_source" xsi:type="string">Po\Manage\Model\ResourceModel\Dealer\Collection</item>
            </argument>
        </arguments>
    </type>
	
	<preference for="Po\Manage\Api\Data\PoItemInterface" type="Po\Manage\Model\PoItem" />
    <preference for="Po\Manage\Api\PoItemRepositoryInterface" type="Po\Manage\Model\Repository\PoItemRepository" />
    <preference for="Po\Manage\Api\Data\PoItemSearchResultsInterface" type="Magento\Framework\Api\SearchResults" />

    <virtualType name="PoItemGirdFilterPool" type="Magento\Framework\View\Element\UiComponent\DataProvider\FilterPool">
        <arguments>
            <argument name="appliers" xsi:type="array">
                <item name="regular" xsi:type="object">Magento\Framework\View\Element\UiComponent\DataProvider\RegularFilter</item>
                <item name="fulltext" xsi:type="object">Magento\Framework\View\Element\UiComponent\DataProvider\FulltextFilter</item>
            </argument>
        </arguments>
    </virtualType>

    <virtualType name="PoItemGridDataProvider" type="Magento\Framework\View\Element\UiComponent\DataProvider\DataProvider">
        <arguments>
            <argument name="collection" xsi:type="object" shared="false">Po\Manage\Model\Resource\PoItem\Collection</argument>
            <argument name="filterPool" xsi:type="object" shared="false">DealerGirdFilterPool</argument>
        </arguments>
    </virtualType>

    <virtualType name="Po\Manage\Model\ResourceModel\PoItem\Collection" type="Magento\Framework\View\Element\UiComponent\DataProvider\SearchResult">
        <arguments>
            <argument name="mainTable" xsi:type="string">po_item_table</argument>
            <argument name="resourceModel" xsi:type="string">Po\Manage\Model\ResourceModel\PoItem</argument>
        </arguments>
    </virtualType>

    <type name="Magento\Framework\View\Element\UiComponent\DataProvider\CollectionFactory">
        <arguments>
            <argument name="collections" xsi:type="array">
                <item name="poitem_index_listing_data_source" xsi:type="string">Po\Manage\Model\ResourceModel\PoItem\Collection</item>
            </argument>
        </arguments>
    </type>
</config>
