<?xml version="1.0"?>
<config xmlns:xsi="http://www.w3.org/2001/XMLSchema-instance" xsi:noNamespaceSchemaLocation="urn:magento:framework:ObjectManager/etc/config.xsd">
    <preference for="Po\Manage\Api\Data\PoInterface" type="Po\Manage\Model\Po" />
    <preference for="Po\Manage\Api\PoRepositoryInterface" type="Po\Manage\Model\Repository\PoRepository" />
    <preference for="Po\Manage\Api\Data\PoSearchResultsInterface" type="Magento\Framework\Api\SearchResults" />

    <virtualType name="PoGirdFilterPool" type="Magento\Framework\View\Element\UiComponent\DataProvider\FilterPool">
        <arguments>
            <argument name="appliers" xsi:type="array">
                <item name="regular" xsi:type="object">Magento\Framework\View\Element\UiComponent\DataProvider\RegularFilter</item>
                <item name="fulltext" xsi:type="object">Magento\Framework\View\Element\UiComponent\DataProvider\FulltextFilter</item>
            </argument>
        </arguments>
    </virtualType>

    <virtualType name="PoGridDataProvider" type="Magento\Framework\View\Element\UiComponent\DataProvider\DataProvider">
        <arguments>
            <argument name="collection" xsi:type="object" shared="false">Po\Manage\Model\Resource\Po\Collection</argument>
            <argument name="filterPool" xsi:type="object" shared="false">PoGirdFilterPool</argument>
        </arguments>
    </virtualType>

    <virtualType name="Po\Manage\Model\ResourceModel\Po\Collection" type="Magento\Framework\View\Element\UiComponent\DataProvider\SearchResult">
        <arguments>
            <argument name="mainTable" xsi:type="string">po_table</argument>
            <argument name="resourceModel" xsi:type="string">Po\Manage\Model\ResourceModel\Po</argument>
        </arguments>
    </virtualType>

    <type name="Magento\Framework\View\Element\UiComponent\DataProvider\CollectionFactory">
        <arguments>
            <argument name="collections" xsi:type="array">
                <item name="po_index_listing_data_source" xsi:type="string">Po\Manage\Model\ResourceModel\Po\Collection</item>
            </argument>
        </arguments>
    </type>
	
	<preference for="Po\Manage\Api\Data\PoItemInterface" type="Po\Manage\Model\PoItem" />
    <preference for="Po\Manage\Api\PoItemRepositoryInterface" type="Po\Manage\Model\Repository\PoItemRepository" />
    <preference for="Po\Manage\Api\Data\PoItemSearchResultsInterface" type="Magento\Framework\Api\SearchResults" />

    <virtualType name="PoItemGirdFilterPool" type="Magento\Framework\View\Element\UiComponent\DataProvider\FilterPool">
        <arguments>
            <argument name="appliers" xsi:type="array">
                <item name="regular" xsi:type="object">Magento\Framework\View\Element\UiComponent\DataProvider\RegularFilter</item>
                <item name="fulltext" xsi:type="object">Magento\Framework\View\Element\UiComponent\DataProvider\FulltextFilter</item>
            </argument>
        </arguments>
    </virtualType>

    <virtualType name="PoItemGridDataProvider" type="Magento\Framework\View\Element\UiComponent\DataProvider\DataProvider">
        <arguments>
            <argument name="collection" xsi:type="object" shared="false">Po\Manage\Model\Resource\PoItem\Collection</argument>
            <argument name="filterPool" xsi:type="object" shared="false">PoGirdFilterPool</argument>
        </arguments>
    </virtualType>

    <virtualType name="Po\Manage\Model\ResourceModel\PoItem\Collection" type="Magento\Framework\View\Element\UiComponent\DataProvider\SearchResult">
        <arguments>
            <argument name="mainTable" xsi:type="string">po_item_table</argument>
            <argument name="resourceModel" xsi:type="string">Po\Manage\Model\ResourceModel\PoItem</argument>
        </arguments>
    </virtualType>

    <type name="Magento\Framework\View\Element\UiComponent\DataProvider\CollectionFactory">
        <arguments>
            <argument name="collections" xsi:type="array">
                <item name="poitem_index_listing_data_source" xsi:type="string">Po\Manage\Model\ResourceModel\PoItem\Collection</item>
            </argument>
        </arguments>
    </type>
</config>
