<?xml version="1.0"?>
<config xmlns:xsi="http://www.w3.org/2001/XMLSchema-instance" xsi:noNamespaceSchemaLocation="urn:magento:module:Magento_Config:etc/system_file.xsd">
    <system>
        <tab id="purchaseorder" translate="label" sortOrder="200">
            <label>Purchase Order</label>
        </tab>
        <section id="manage_po" translate="label" type="text" sortOrder="1" showInDefault="1" showInWebsite="1" showInStore="1">
            <label>Purchase Order</label>
            <tab>purchaseorder</tab>
            <resource>Po_Manage::config_pomananger</resource>
            <group id="pur_order" translate="label" type="text" sortOrder="1" showInDefault="1" showInWebsite="1" showInStore="1">
                <label>General Options</label>
                <field id="enabled" translate="label" type="select" sortOrder="1" showInDefault="1" showInWebsite="1" showInStore="1">
                    <label>Enabled</label>
                    <source_model>Magento\Config\Model\Config\Source\Yesno</source_model>
                </field>
            </group>
            <group id="purchaseorder_grp" translate="label" type="text" sortOrder="90" showInDefault="1" showInWebsite="1" showInStore="1">
                <label>Purchase Order Id Setting</label>
                <field id="prefix" translate="label comment" type="text" sortOrder="10" showInDefault="1" showInWebsite="0" showInStore="0">
                    <label>Prefix</label>
                    <comment></comment>
                </field>
                <field id="postfix" translate="label comment" type="text" sortOrder="20" showInDefault="1" showInWebsite="0" showInStore="0">
                    <label>Postfix</label>
                    <comment></comment>
                </field>
                <field id="startfrom" translate="label comment" type="text" sortOrder="30" showInDefault="1" showInWebsite="0" showInStore="0">
                    <label>Start From</label>
                    <validate>required-entry validate-number</validate>
                    <comment>Please enter the start from value start with digit greater than 1 like 1, 5, 1001, 101 100001, 20001, 201.</comment>
                </field>
            </group>
        </section>
    </system>
</config>
